date,price
4-Jan-10,17500
5-Jan-10,17650
6-Jan-10,17600
7-Jan-10,17700
8-Jan-10,17600
9-Jan-10,17750
11-Jan-10,18000
12-Jan-10,18000
13-Jan-10,17700
14-Jan-10,17700
15-Jan-10,17650
16-Jan-10,17600
18-Jan-10,17650
25-Jan-10,17650
20-Jan-10,17600
21-Jan-10,17300
22-Jan-10,17150
23-Jan-10,17150
25-Jan-10,17200
26-Jan-10,17050
27-Jan-10,17100
28-Jan-10,17100
29-Jan-10,17000
30-Jan-10,17000
1-Feb-10,17000
2-Feb-10,17300
3-Feb-10,17450
4-Feb-10,17300
5-Feb-10,16750
6-Feb-10,16800
8-Feb-10,16850
9-Feb-10,16800
10-Feb-10,16900
11-Feb-10,16900
12-Feb-10,16900
13-Feb-10,17100
15-Feb-10,17100
16-Feb-10,17350
17-Feb-10,17450
18-Feb-10,17250
25-Feb-10,17300
20-Feb-10,17400
22-Feb-10,17450
23-Feb-10,17400
24-Feb-10,17150
25-Feb-10,17100
26-Feb-10,17300
27-Feb-10,17400
1-Mar-10,17400
2-Mar-10,17300
3-Mar-10,17500
4-Mar-10,17450
5-Mar-10,17450
6-Mar-10,17450
8-Mar-10,17500
9-Mar-10,17350
10-Mar-10,17350
11-Mar-10,17100
12-Mar-10,17200
13-Mar-10,17000
15-Mar-10,17050
16-Mar-10,17100
17-Mar-10,17250
18-Mar-10,17100
25-Mar-10,17150
20-Mar-10,16950
22-Mar-10,16950
23-Mar-10,16900
24-Mar-10,16800
25-Mar-10,16750
26-Mar-10,16850
27-Mar-10,16950
29-Mar-10,16950
30-Mar-10,16950
31-Mar-10,16950
1-Apr-10,17050
2-Apr-10,17100
3-Apr-10,17100
5-Apr-10,17150
7-Apr-10,17250
8-Apr-10,17400
9-Apr-10,17500
10-Apr-10,17550
12-Apr-10,17600
16-Apr-10,17500
17-Apr-10,17300
25-Apr-10,17200
20-Apr-10,17350
21-Apr-10,17300
22-Apr-10,17350
23-Apr-10,17350
24-Apr-10,17500
26-Apr-10,17450
27-Apr-10,17450
28-Apr-10,17650
29-Apr-10,17750
30-Apr-10,17800
3-May-10,17900
4-May-10,17900
6-May-10,17900
7-May-10,18150
8-May-10,18200
10-May-10,18050
11-May-10,18300
12-May-10,18700
13-May-10,18650
14-May-10,18700
15-May-10,18650
17-May-10,18900
25-May-10,18450
20-May-10,18150
21-May-10,18000
22-May-10,18050
24-May-10,18100
25-May-10,18250
26-May-10,18550
27-May-10,18550
29-May-10,18600
31-May-10,18600
1-Jun-10,18700
2-Jun-10,18700
3-Jun-10,18650
4-Jun-10,18500
5-Jun-10,18650
7-Jun-10,18650
8-Jun-10,19050
9-Jun-10,18950
10-Jun-10,18700
11-Jun-10,18700
12-Jun-10,18750
14-Jun-10,18800
15-Jun-10,18700
16-Jun-10,18850
17-Jun-10,18800
18-Jun-10,18950
25-Jun-10,19100
21-Jun-10,19050
22-Jun-10,18900
23-Jun-10,18950
24-Jun-10,18850
25-Jun-10,19000
26-Jun-10,19100
28-Jun-10,19100
29-Jun-10,18900
30-Jun-10,19000
1-Jul-10,18950
2-Jul-10,18600
3-Jul-10,18600
5-Jul-10,18550
6-Jul-10,18550
7-Jul-10,18300
8-Jul-10,18450
9-Jul-10,18350
10-Jul-10,18500
12-Jul-10,18400
13-Jul-10,18450
14-Jul-10,18500
15-Jul-10,18450
16-Jul-10,18400
17-Jul-10,18250
25-Jul-10,18200
20-Jul-10,18050
21-Jul-10,18150
22-Jul-10,18150
23-Jul-10,18250
24-Jul-10,18150
26-Jul-10,18200
27-Jul-10,18050
28-Jul-10,17800
29-Jul-10,17850
30-Jul-10,17850
31-Jul-10,17950
2-Aug-10,17950
3-Aug-10,18000
4-Aug-10,18150
5-Aug-10,18150
6-Aug-10,18100
7-Aug-10,18150
9-Aug-10,18200
10-Aug-10,18100
11-Aug-10,18100
13-Aug-10,18250
14-Aug-10,18250
16-Aug-10,18300
17-Aug-10,18300
18-Aug-10,18250
25-Aug-10,18300
20-Aug-10,18300
21-Aug-10,18300
23-Aug-10,18250
24-Aug-10,18150
25-Aug-10,18350
26-Aug-10,18350
27-Aug-10,18250
28-Aug-10,18250
30-Aug-10,18250
31-Aug-10,18250
1-Sep-10,18350
2-Sep-10,18350
3-Sep-10,18400
3-Sep-10,18350
4-Sep-10,18350
6-Sep-10,18300
7-Sep-10,18350
8-Sep-10,18400
9-Sep-10,18300
10-Sep-10,18150
11-Sep-10,18150
13-Sep-10,18100
14-Sep-10,18200
14-Sep-10,18150
15-Sep-10,18450
16-Sep-10,18450
17-Sep-10,18550
18-Sep-10,18500
20-Sep-10,18550
21-Sep-10,18550
22-Sep-10,18650
23-Sep-10,18650
24-Sep-10,18750
25-Sep-10,18700
27-Sep-10,18700
28-Sep-10,18600
29-Sep-10,18750
30-Sep-10,18800
1-Oct-10,18700
2-Oct-10,18700
4-Oct-10,18700
5-Oct-10,18800
6-Oct-10,18950
7-Oct-10,19050
8-Oct-10,18800
9-Oct-10,18950
11-Oct-10,19050
12-Oct-10,18950
13-Oct-10,19100
14-Oct-10,19350
15-Oct-10,19350
16-Oct-10,19250
18-Oct-10,19150
25-Oct-10,19250
20-Oct-10,19000
21-Oct-10,18950
22-Oct-10,18650
25-Oct-10,18950
26-Oct-10,18850
27-Oct-10,18850
28-Oct-10,18800
29-Oct-10,18900
30-Oct-10,19100
1-Nov-10,19150
2-Nov-10,19100
3-Nov-10,19050
4-Nov-10,19100
5-Nov-10,19300
6-Nov-10,19400
8-Nov-10,19350
9-Nov-10,19600
10-Nov-10,19550
11-Nov-10,19600
12-Nov-10,19500
13-Nov-10,19300
15-Nov-10,19350
16-Nov-10,19250
17-Nov-10,19000
18-Nov-10,19200
25-Nov-10,19200
20-Nov-10,19150
22-Nov-10,19200
23-Nov-10,19300
24-Nov-10,19500
25-Nov-10,19450
26-Nov-10,19400
27-Nov-10,19400
29-Nov-10,19400
30-Nov-10,19500
1-Dec-10,19650
2-Dec-10,19650
3-Dec-10,19650
4-Dec-10,19850
7-Dec-10,20050
8-Dec-10,19850
9-Dec-10,19700
10-Dec-10,19750
11-Dec-10,19700
13-Dec-10,19750
14-Dec-10,19900
15-Dec-10,19750
16-Dec-10,19700
17-Dec-10,19600
18-Dec-10,19600
20-Dec-10,19750
21-Dec-10,19750
22-Dec-10,19750
23-Dec-10,19700
24-Dec-10,19700
25-Dec-10,19700
27-Dec-10,19700
28-Dec-10,19800
29-Dec-10,19950
30-Dec-10,20050
3-Jan-11,20100
4-Jan-11,20000
5-Jan-11,19700
6-Jan-11,19700
7-Jan-11,19600
8-Jan-11,19650
10-Jan-11,19850
11-Jan-11,19900
12-Jan-11,19850
13-Jan-11,19850
14-Jan-11,19750
15-Jan-11,19650
17-Jan-11,19700
18-Jan-11,19800
25-Jan-11,19800
20-Jan-11,19750
21-Jan-11,19550
22-Jan-11,19550
24-Jan-11,19700
25-Jan-11,19600
26-Jan-11,19550
27-Jan-11,19550
28-Jan-11,19400
29-Jan-11,19600
31-Jan-11,19550
1-Feb-11,19550
2-Feb-11,19550
5-Feb-11,19600
7-Feb-11,19550
8-Feb-11,19650
9-Feb-11,19750
10-Feb-11,19700
11-Feb-11,19750
12-Feb-11,19750
14-Feb-11,19750
15-Feb-11,19800
16-Feb-11,19850
17-Feb-11,19850
25-Feb-11,19950
21-Feb-11,20050
22-Feb-11,20100
23-Feb-11,20150
24-Feb-11,20350
25-Feb-11,20200
26-Feb-11,20250
28-Feb-11,20300
1-Mar-11,20350
2-Mar-11,20500
3-Mar-11,20550
4-Mar-11,20400
5-Mar-11,20500
7-Mar-11,20600
8-Mar-11,20500
9-Mar-11,20450
10-Mar-11,20400
11-Mar-11,20300
12-Mar-11,20400
14-Mar-11,20450
15-Mar-11,20300
16-Mar-11,20150
17-Mar-11,20100
18-Mar-11,20250
25-Mar-11,20250
21-Mar-11,20400
22-Mar-11,20400
23-Mar-11,20450
24-Mar-11,20550
25-Mar-11,20450
26-Mar-11,20400
28-Mar-11,20350
29-Mar-11,20250
30-Mar-11,20350
31-Mar-11,20400
1-Apr-11,20500
2-Apr-11,20400
4-Apr-11,20450
5-Apr-11,20450
7-Apr-11,20650
8-Apr-11,20750
9-Apr-11,20750
11-Apr-11,20750
12-Apr-11,20750
16-Apr-11,21000
18-Apr-11,21050
25-Apr-11,21150
20-Apr-11,21200
21-Apr-11,21250
22-Apr-11,21300
23-Apr-11,21300
25-Apr-11,21350
26-Apr-11,21250
27-Apr-11,21300
28-Apr-11,21550
29-Apr-11,21650
30-Apr-11,21950
2-May-11,21900
3-May-11,21850
4-May-11,21750
6-May-11,21250
7-May-11,21350
9-May-11,21450
10-May-11,21550
11-May-11,21650
12-May-11,21300
13-May-11,21550
14-May-11,21400
16-May-11,21350
18-May-11,21350
25-May-11,21300
20-May-11,21450
21-May-11,21550
23-May-11,21600
24-May-11,21750
25-May-11,21850
26-May-11,21800
27-May-11,21850
28-May-11,21900
30-May-11,21900
31-May-11,21950
1-Jun-11,21900
2-Jun-11,22000
3-Jun-11,21900
4-Jun-11,21950
6-Jun-11,22050
7-Jun-11,22100
8-Jun-11,22000
9-Jun-11,22050
10-Jun-11,22100
11-Jun-11,22000
13-Jun-11,21950
14-Jun-11,21850
15-Jun-11,21900
16-Jun-11,22050
17-Jun-11,22050
18-Jun-11,22150
20-Jun-11,22150
21-Jun-11,22250
22-Jun-11,22250
23-Jun-11,22200
24-Jun-11,22050
25-Jun-11,21800
27-Jun-11,21900
28-Jun-11,21950
29-Jun-11,21950
29-Jun-11,22000
30-Jun-11,21950
1-Jul-11,21750
2-Jul-11,21700
4-Jul-11,21550
5-Jul-11,21600
6-Jul-11,21800
7-Jul-11,21900
8-Jul-11,21850
9-Jul-11,21950
11-Jul-11,22050
12-Jul-11,22150
13-Jul-11,22350
14-Jul-11,22500
15-Jul-11,22400
16-Jul-11,22500
18-Jul-11,22600
25-Jul-11,22600
20-Jul-11,22400
21-Jul-11,22550
22-Jul-11,22400
23-Jul-11,22500
25-Jul-11,22700
26-Jul-11,22600
27-Jul-11,22700
28-Jul-11,22700
29-Jul-11,22650
30-Jul-11,22750
1-Aug-11,22650
2-Aug-11,22800
3-Aug-11,23350
4-Aug-11,23350
5-Aug-11,23500
6-Aug-11,23400
8-Aug-11,24050
9-Aug-11,25000
10-Aug-11,24800
11-Aug-11,25300
13-Aug-11,24750
15-Aug-11,24600
16-Aug-11,25000
17-Aug-11,25200
18-Aug-11,25300
25-Aug-11,26250
20-Aug-11,26100
22-Aug-11,26500
23-Aug-11,26600
24-Aug-11,26150
25-Aug-11,24350
26-Aug-11,25400
27-Aug-11,25850
29-Aug-11,25750
30-Aug-11,25400
31-Aug-11,25800
1-Sep-11,25750
2-Sep-11,26100
3-Sep-11,26500
5-Sep-11,26700
6-Sep-11,26750
7-Sep-11,26200
8-Sep-11,26050
9-Sep-11,26150
10-Sep-11,26350
12-Sep-11,26300
13-Sep-11,25950
14-Sep-11,26200
15-Sep-11,26000
16-Sep-11,25600
17-Sep-11,26000
25-Sep-11,26100
20-Sep-11,25850
21-Sep-11,26000
22-Sep-11,25700
23-Sep-11,25300
24-Sep-11,24300
26-Sep-11,24000
27-Sep-11,24500
28-Sep-11,24300
29-Sep-11,23900
30-Sep-11,24050
1-Oct-11,24000
3-Oct-11,24400
4-Oct-11,24550
5-Oct-11,23800
6-Oct-11,24200
7-Oct-11,24150
8-Oct-11,24050
10-Oct-11,24200
11-Oct-11,24300
12-Oct-11,24500
13-Oct-11,24400
14-Oct-11,24400
15-Oct-11,24400
17-Oct-11,24400
18-Oct-11,24150
25-Oct-11,24050
20-Oct-11,23850
21-Oct-11,23900
22-Oct-11,24000
24-Oct-11,24050
25-Oct-11,24100
26-Oct-11,24850
27-Oct-11,24750
28-Oct-11,24950
29-Oct-11,25050
31-Oct-11,24900
1-Nov-11,24850
2-Nov-11,25100
3-Nov-11,25200
4-Nov-11,25400
5-Nov-11,25300
6-Nov-11,25550
8-Nov-11,25900
9-Nov-11,25800
10-Nov-11,25750
11-Nov-11,25700
12-Nov-11,25900
14-Nov-11,25800
15-Nov-11,25750
16-Nov-11,25850
17-Nov-11,25650
18-Nov-11,25350
25-Nov-11,25250
21-Nov-11,25150
22-Nov-11,24900
23-Nov-11,25000
24-Nov-11,25100
25-Nov-11,24900
26-Nov-11,24950
28-Nov-11,25300
28-Nov-11,25250
29-Nov-11,25300
30-Nov-11,25200
1-Dec-11,25500
2-Dec-11,25450
3-Dec-11,25400
5-Dec-11,25400
6-Dec-11,25150
7-Dec-11,25150
8-Dec-11,25250
9-Dec-11,25050
10-Dec-11,25000
12-Dec-11,24750
13-Dec-11,24550
14-Dec-11,24250
15-Dec-11,23650
16-Dec-11,23650
17-Dec-11,23700
25-Dec-11,23650
20-Dec-11,23750
21-Dec-11,24150
22-Dec-11,23900
23-Dec-11,23850
24-Dec-11,23850
26-Dec-11,23850
27-Dec-11,23750
28-Dec-11,23650
29-Dec-11,23350
30-Dec-11,23400
3-Jan-12,23600
4-Jan-12,23850
5-Jan-12,24100
6-Jan-12,24200
7-Jan-12,24200
9-Jan-12,24250
10-Jan-12,24250
11-Jan-12,24600
12-Jan-12,24750
13-Jan-12,24650
14-Jan-12,24650
16-Jan-12,24700
17-Jan-12,24900
18-Jan-12,24800
25-Jan-12,24850
20-Jan-12,24600
21-Jan-12,24750
24-Jan-12,24750
25-Jan-12,24750
26-Jan-12,25250
27-Jan-12,25350
28-Jan-12,25400
30-Jan-12,25300
1-Feb-12,25450
2-Feb-12,25450
3-Feb-12,25600
4-Feb-12,25200
6-Feb-12,25150
7-Feb-12,25150
8-Feb-12,25300
9-Feb-12,25200
10-Feb-12,25100
11-Feb-12,25150
13-Feb-12,25150
14-Feb-12,25050
15-Feb-12,25100
16-Feb-12,25050
17-Feb-12,25200
18-Feb-12,25100
20-Feb-12,25150
21-Feb-12,25250
22-Feb-12,25350
23-Feb-12,25500
24-Feb-12,25500
25-Feb-12,25400
27-Feb-12,25450
28-Feb-12,25450
1-Mar-12,24850
2-Mar-12,24750
3-Mar-12,24800
5-Mar-12,24650
6-Mar-12,24600
8-Mar-12,24550
9-Mar-12,24550
10-Mar-12,24700
12-Mar-12,24650
13-Mar-12,24600
14-Mar-12,24200
15-Mar-12,24000
16-Mar-12,24000
17-Mar-12,24100
25-Mar-12,24050
20-Mar-12,24000
21-Mar-12,24050
22-Mar-12,23850
23-Mar-12,24000
24-Mar-12,24100
26-Mar-12,24100
27-Mar-12,24500
28-Mar-12,24400
29-Mar-12,24200
30-Mar-12,24200
1-Apr-12,24250
2-Apr-12,24250
3-Apr-12,24350
4-Apr-12,23950
5-Apr-12,23800
7-Apr-12,23900
9-Apr-12,23950
10-Apr-12,24050
11-Apr-12,24150
12-Apr-12,24100
17-Apr-12,24050
18-Apr-12,24000
25-Apr-12,24000
20-Apr-12,24000
21-Apr-12,24000
23-Apr-12,23900
24-Apr-12,23950
25-Apr-12,23950
26-Apr-12,24000
27-Apr-12,24050
28-Apr-12,24150
30-Apr-12,24150
2-May-12,24050
3-May-12,24050
4-May-12,23850
7-May-12,23950
8-May-12,23850
9-May-12,23300
10-May-12,23400
11-May-12,23350
12-May-12,23350
14-May-12,23150
15-May-12,23050
16-May-12,22850
17-May-12,22950
18-May-12,23500
25-May-12,23550
21-May-12,23550
22-May-12,23350
23-May-12,23200
24-May-12,23300
26-May-12,23450
28-May-12,23550
29-May-12,23550
30-May-12,23300
31-May-12,23500
1-Jun-12,23400
2-Jun-12,24100
5-Jun-12,24100
6-Jun-12,24200
7-Jun-12,24050
8-Jun-12,23650
9-Jun-12,23800
11-Jun-12,23750
12-Jun-12,23750
13-Jun-12,24000
14-Jun-12,24100
15-Jun-12,24100
16-Jun-12,24100
18-Jun-12,24100
25-Jun-12,24150
20-Jun-12,24000
21-Jun-12,23900
22-Jun-12,23600
23-Jun-12,23650
25-Jun-12,23600
26-Jun-12,23750
27-Jun-12,23600
28-Jun-12,23600
29-Jun-12,23550
30-Jun-12,23750
2-Jul-12,23750
3-Jul-12,23850
4-Jul-12,23950
5-Jul-12,24050
6-Jul-12,23850
7-Jul-12,23750
9-Jul-12,23750
10-Jul-12,23800
11-Jul-12,23650
12-Jul-12,23550
13-Jul-12,23600
14-Jul-12,23700
16-Jul-12,23650
17-Jul-12,23750
18-Jul-12,23650
25-Jul-12,23600
20-Jul-12,23650
21-Jul-12,23700
23-Jul-12,23600
24-Jul-12,23600
25-Jul-12,23750
26-Jul-12,23900
27-Jul-12,24100
28-Jul-12,24100
30-Jul-12,24100
31-Jul-12,24150
1-Aug-12,24000
3-Aug-12,23800
4-Aug-12,23850
6-Aug-12,23900
7-Aug-12,23950
8-Aug-12,23900
9-Aug-12,24000
10-Aug-12,23950
11-Aug-12,24050
14-Aug-12,23950
15-Aug-12,23800
16-Aug-12,23900
17-Aug-12,24000
18-Aug-12,24000
20-Aug-12,24050
21-Aug-12,24100
22-Aug-12,24250
23-Aug-12,24450
24-Aug-12,24550
25-Aug-12,24550
27-Aug-12,24600
28-Aug-12,24550
29-Aug-12,24600
30-Aug-12,24550
31-Aug-12,24550
1-Sep-12,24850
3-Sep-12,24850
4-Sep-12,24900
5-Sep-12,24900
6-Sep-12,25100
7-Sep-12,25000
8-Sep-12,25350
10-Sep-12,25350
11-Sep-12,25350
12-Sep-12,25400
13-Sep-12,25300
14-Sep-12,25700
15-Sep-12,25650
17-Sep-12,25700
18-Sep-12,25600
25-Sep-12,25750
20-Sep-12,25650
21-Sep-12,25750
22-Sep-12,25750
24-Sep-12,25700
25-Sep-12,25750
26-Sep-12,25750
27-Sep-12,25650
28-Sep-12,25800
29-Sep-12,25750
1-Oct-12,25750
2-Oct-12,25800
3-Oct-12,25750
4-Oct-12,25800
5-Oct-12,25800
6-Oct-12,25700
8-Oct-12,25650
9-Oct-12,25650
10-Oct-12,25600
11-Oct-12,25600
12-Oct-12,25600
13-Oct-12,25500
15-Oct-12,25350
16-Oct-12,25200
17-Oct-12,25300
18-Oct-12,25250
25-Oct-12,25150
20-Oct-12,25000
22-Oct-12,25000
24-Oct-12,24850
25-Oct-12,24850
26-Oct-12,24750
27-Oct-12,24850
29-Oct-12,24850
30-Oct-12,24850
31-Oct-12,24850
1-Nov-12,25000
2-Nov-12,24800
3-Nov-12,24450
5-Nov-12,24450
6-Nov-12,24600
7-Nov-12,24950
8-Nov-12,24900
9-Nov-12,25100
10-Nov-12,25050
12-Nov-12,25100
13-Nov-12,25000
14-Nov-12,25000
15-Nov-12,25000
16-Nov-12,24850
17-Nov-12,24850
25-Nov-12,24950
20-Nov-12,25100
21-Nov-12,25000
22-Nov-12,25100
23-Nov-12,25100
24-Nov-12,25300
26-Nov-12,25300
27-Nov-12,25300
28-Nov-12,25200
29-Nov-12,25000
30-Nov-12,25050
1-Dec-12,24900
3-Dec-12,24900
4-Dec-12,24700
6-Dec-12,24550
7-Dec-12,24600
8-Dec-12,24650
10-Dec-12,24700
11-Dec-12,24750
12-Dec-12,24800
13-Dec-12,24600
14-Dec-12,24600
15-Dec-12,24600
17-Dec-12,24450
18-Dec-12,24550
25-Dec-12,24250
20-Dec-12,24200
21-Dec-12,23900
22-Dec-12,24000
24-Dec-12,24100
25-Dec-12,24100
26-Dec-12,24050
27-Dec-12,24050
28-Dec-12,24050
29-Dec-12,24000
2-Jan-13,24150
3-Jan-13,24200
4-Jan-13,23700
5-Jan-13,23900
7-Jan-13,23850
8-Jan-13,23750
9-Jan-13,23900
10-Jan-13,23850
11-Jan-13,23900
12-Jan-13,23850
14-Jan-13,23850
15-Jan-13,23850
16-Jan-13,23700
17-Jan-13,23700
18-Jan-13,23750
25-Jan-13,23700
21-Jan-13,23750
22-Jan-13,23800
23-Jan-13,23800
24-Jan-13,23650
25-Jan-13,23600
26-Jan-13,23500
28-Jan-13,23500
29-Jan-13,23450
30-Jan-13,23450
31-Jan-13,23600
1-Feb-13,23450
2-Feb-13,23500
4-Feb-13,23450
5-Feb-13,23550
6-Feb-13,23500
7-Feb-13,23550
8-Feb-13,23500
9-Feb-13,23500
11-Feb-13,23450
12-Feb-13,23250
13-Feb-13,23250
14-Feb-13,23200
15-Feb-13,23000
16-Feb-13,22800
18-Feb-13,22800
25-Feb-13,22800
20-Feb-13,22600
21-Feb-13,22150
22-Feb-13,22300
23-Feb-13,22300
26-Feb-13,22500
27-Feb-13,22650
28-Feb-13,22350
1-Mar-13,22100
2-Mar-13,22200
4-Mar-13,22200
5-Mar-13,22250
6-Mar-13,22150
7-Mar-13,22200
8-Mar-13,22200
9-Mar-13,22200
11-Mar-13,22200
12-Mar-13,22150
13-Mar-13,22250
14-Mar-13,22200
15-Mar-13,22250
16-Mar-13,22200
18-Mar-13,22350
25-Mar-13,22200
20-Mar-13,22200
21-Mar-13,22200
22-Mar-13,22300
23-Mar-13,22250
25-Mar-13,22200
26-Mar-13,22150
27-Mar-13,22050
28-Mar-13,22150
29-Mar-13,22100
30-Mar-13,22150
1-Apr-13,22150
2-Apr-13,22150
3-Apr-13,21800
4-Apr-13,21450
5-Apr-13,21500
8-Apr-13,21800
9-Apr-13,21550
10-Apr-13,21650
11-Apr-13,21350
12-Apr-13,21250
17-Apr-13,18850
18-Apr-13,18900
25-Apr-13,19150
20-Apr-13,19000
22-Apr-13,19350
23-Apr-13,19250
24-Apr-13,19400
25-Apr-13,19850
26-Apr-13,20300
27-Apr-13,20250
29-Apr-13,20350
30-Apr-13,20350
2-May-13,20200
3-May-13,20650
4-May-13,20650
7-May-13,20500
8-May-13,20150
9-May-13,20450
10-May-13,20350
11-May-13,20350
13-May-13,20100
14-May-13,20050
15-May-13,19850
16-May-13,19350
17-May-13,19450
18-May-13,19250
20-May-13,19050
21-May-13,19450
22-May-13,19500
23-May-13,19600
25-May-13,19650
27-May-13,19650
28-May-13,19600
29-May-13,19750
30-May-13,20000
31-May-13,20150
1-Jun-13,19950
3-Jun-13,20100
4-Jun-13,20150
5-Jun-13,20150
6-Jun-13,20200
7-Jun-13,20400
8-Jun-13,20100
10-Jun-13,20050
11-Jun-13,20000
12-Jun-13,20150
13-Jun-13,20150
14-Jun-13,19950
15-Jun-13,20100
17-Jun-13,20050
18-Jun-13,20000
25-Jun-13,19850
20-Jun-13,19050
21-Jun-13,19000
22-Jun-13,19150
24-Jun-13,18900
25-Jun-13,18800
26-Jun-13,18150
27-Jun-13,18150
28-Jun-13,17750
29-Jun-13,18150
1-Jul-13,18200
2-Jul-13,18400
3-Jul-13,18300
4-Jul-13,18400
5-Jul-13,18200
6-Jul-13,18150
8-Jul-13,18250
9-Jul-13,18450
10-Jul-13,18500
11-Jul-13,18800
12-Jul-13,18800
13-Jul-13,18900
15-Jul-13,18850
16-Jul-13,18850
17-Jul-13,18900
18-Jul-13,18750
25-Jul-13,18900
20-Jul-13,19000
23-Jul-13,19400
24-Jul-13,19550
25-Jul-13,19300
26-Jul-13,19550
27-Jul-13,19550
29-Jul-13,19550
30-Jul-13,19500
31-Jul-13,19700
1-Aug-13,19550
2-Aug-13,19100
3-Aug-13,19400
5-Aug-13,19400
6-Aug-13,19200
7-Aug-13,18950
8-Aug-13,19050
9-Aug-13,19300
10-Aug-13,19350
13-Aug-13,19650
14-Aug-13,19550
15-Aug-13,19700
16-Aug-13,20050
17-Aug-13,20250
25-Aug-13,20350
20-Aug-13,20350
21-Aug-13,20450
22-Aug-13,20700
23-Aug-13,20700
24-Aug-13,20950
26-Aug-13,21050
27-Aug-13,21400
28-Aug-13,21700
29-Aug-13,21400
30-Aug-13,21150
31-Aug-13,21200
2-Sep-13,21100
3-Sep-13,21150
4-Sep-13,21350
5-Sep-13,21200
6-Sep-13,20900
7-Sep-13,21150
9-Sep-13,21100
10-Sep-13,20850
11-Sep-13,20600
12-Sep-13,20100
13-Sep-13,19750
14-Sep-13,19950
16-Sep-13,19700
17-Sep-13,19750
18-Sep-13,19450
25-Sep-13,19900
20-Sep-13,19800
21-Sep-13,19550
23-Sep-13,19450
24-Sep-13,19450
25-Sep-13,19550
26-Sep-13,19600
27-Sep-13,19550
28-Sep-13,19700
30-Sep-13,19750
1-Oct-13,19600
2-Oct-13,19150
3-Oct-13,19300
4-Oct-13,19450
5-Oct-13,19350
7-Oct-13,19450
8-Oct-13,19550
9-Oct-13,19450
10-Oct-13,19300
11-Oct-13,19000
12-Oct-13,18850
14-Oct-13,18900
15-Oct-13,18600
16-Oct-13,18900
17-Oct-13,19150
18-Oct-13,19300
25-Oct-13,19250
21-Oct-13,19300
22-Oct-13,19300
24-Oct-13,19650
25-Oct-13,19700
26-Oct-13,19750
28-Oct-13,19800
29-Oct-13,19750
30-Oct-13,19750
31-Oct-13,19600
1-Nov-13,19400
2-Nov-13,19400
4-Nov-13,19400
5-Nov-13,19350
6-Nov-13,19450
7-Nov-13,19450
8-Nov-13,19400
9-Nov-13,19200
11-Nov-13,19150
12-Nov-13,19100
13-Nov-13,19000
14-Nov-13,19150
15-Nov-13,19150
16-Nov-13,19250
18-Nov-13,19150
25-Nov-13,19000
20-Nov-13,19000
21-Nov-13,18750
22-Nov-13,18700
23-Nov-13,18700
25-Nov-13,18600
26-Nov-13,18900
27-Nov-13,18950
28-Nov-13,18850
29-Nov-13,18900
30-Nov-13,18950
2-Dec-13,18850
3-Dec-13,18600
4-Dec-13,18500
6-Dec-13,18750
7-Dec-13,18750
9-Dec-13,18650
10-Dec-13,18800
11-Dec-13,19000
12-Dec-13,18850
13-Dec-13,18500
14-Dec-13,18750
16-Dec-13,18600
17-Dec-13,18750
18-Dec-13,18800
25-Dec-13,18450
20-Dec-13,18450
21-Dec-13,18550
23-Dec-13,18500
24-Dec-13,18500
25-Dec-13,18600
26-Dec-13,18650
27-Dec-13,18750
28-Dec-13,18800
30-Dec-13,18700
2-Jan-14,18950
3-Jan-14,19150
4-Jan-14,19250
6-Jan-14,19300
7-Jan-14,19300
8-Jan-14,19100
9-Jan-14,19100
10-Jan-14,19200
11-Jan-14,19400
13-Jan-14,19400
14-Jan-14,19300
15-Jan-14,19200
16-Jan-14,19200
17-Jan-14,19250
18-Jan-14,19350
20-Jan-14,19450
21-Jan-14,19350
22-Jan-14,19250
23-Jan-14,19300
24-Jan-14,19500
25-Jan-14,19600
27-Jan-14,19650
28-Jan-14,19500
29-Jan-14,19450
30-Jan-14,19550
31-Jan-14,19400
1-Feb-14,19400
3-Feb-14,19350
4-Feb-14,19450
5-Feb-14,19400
6-Feb-14,19500
7-Feb-14,19500
8-Feb-14,19600
10-Feb-14,19700
11-Feb-14,19800
12-Feb-14,19750
13-Feb-14,19800
15-Feb-14,20050
17-Feb-14,20150
18-Feb-14,20150
25-Feb-14,20250
20-Feb-14,20200
21-Feb-14,20250
22-Feb-14,20300
24-Feb-14,20450
25-Feb-14,20500
26-Feb-14,20600
27-Feb-14,20450
28-Feb-14,20450
1-Mar-14,20400
3-Mar-14,20650
4-Mar-14,20500
5-Mar-14,20350
6-Mar-14,20350
7-Mar-14,20500
8-Mar-14,20450
10-Mar-14,20400
11-Mar-14,20500
12-Mar-14,20700
13-Mar-14,20900
14-Mar-14,20900
15-Mar-14,21000
17-Mar-14,21000
25-Mar-14,20450
21-Mar-14,20400
24-Mar-14,20300
26-Mar-14,20200
28-Mar-14,19900
31-Mar-14,19800
2-Apr-14,19600
4-Apr-14,19800
7-Apr-14,19900
9-Apr-14,19950
11-Apr-14,20050
16-Apr-14,19800
18-Apr-14,19700
21-Apr-14,19600
23-Apr-14,19600
24-Apr-14,19600
25-Apr-14,19750
26-Apr-14,19850
28-Apr-14,19800
29-Apr-14,19650
30-Apr-14,19700
2-May-14,19650
3-May-14,19800
6-May-14,19950
7-May-14,20000
8-May-14,19800
9-May-14,19850
10-May-14,19850
12-May-14,19900
14-May-14,19900
15-May-14,19950
16-May-14,19850
17-May-14,19850
25-May-14,19900
20-May-14,19800
21-May-14,19800
22-May-14,19850
23-May-14,19850
24-May-14,19850
26-May-14,19850
27-May-14,19750
28-May-14,19500
29-May-14,19400
30-May-14,19450
31-May-14,19400
2-Jun-14,19300
3-Jun-14,19200
4-Jun-14,19200
5-Jun-14,19150
6-Jun-14,19300
7-Jun-14,19250
9-Jun-14,19200
10-Jun-14,19250
11-Jun-14,19350
12-Jun-14,19350
13-Jun-14,19450
14-Jun-14,19500
16-Jun-14,19550
17-Jun-14,19350
18-Jun-14,19450
25-Jun-14,19600
20-Jun-14,20050
21-Jun-14,20100
23-Jun-14,20100
24-Jun-14,20200
25-Jun-14,20100
26-Jun-14,20100
27-Jun-14,20150
28-Jun-14,20150
30-Jun-14,20100
1-Jul-14,20250
2-Jul-14,20250
3-Jul-14,20200
4-Jul-14,20200
5-Jul-14,20200
7-Jul-14,20100
8-Jul-14,20150
9-Jul-14,20100
10-Jul-14,20350
14-Jul-14,20050
15-Jul-14,19900
16-Jul-14,19700
17-Jul-14,19750
18-Jul-14,19850
25-Jul-14,19900
21-Jul-14,19800
22-Jul-14,19600
23-Jul-14,19600
24-Jul-14,19550
25-Jul-14,19450
26-Jul-14,19600
28-Jul-14,19550
29-Jul-14,19650
30-Jul-14,19550
31-Jul-14,19600
1-Aug-14,19550
2-Aug-14,19600
4-Aug-14,19600
5-Aug-14,19550
6-Aug-14,19600
7-Aug-14,19850
8-Aug-14,19950
9-Aug-14,19850
11-Aug-14,19800
13-Aug-14,19750
14-Aug-14,19750
15-Aug-14,19750
16-Aug-14,19650
18-Aug-14,19550
25-Aug-14,19550
20-Aug-14,19500
21-Aug-14,19350
22-Aug-14,19300
23-Aug-14,19350
25-Aug-14,19300
26-Aug-14,19400
27-Aug-14,19350
28-Aug-14,19400
29-Aug-14,19350
30-Aug-14,19400
1-Sep-14,19450
2-Sep-14,19350
3-Sep-14,19150
4-Sep-14,19250
5-Sep-14,19150
6-Sep-14,19200
8-Sep-14,19150
9-Sep-14,19050
10-Sep-14,19050
11-Sep-14,18950
12-Sep-14,18800
13-Sep-14,18750
15-Sep-14,18800
16-Sep-14,18850
17-Sep-14,18800
18-Sep-14,18650
25-Sep-14,18600
20-Sep-14,18500
22-Sep-14,18500
23-Sep-14,18600
24-Sep-14,18600
25-Sep-14,18450
26-Sep-14,18650
27-Sep-14,18650
29-Sep-14,18600
30-Sep-14,18550
1-Oct-14,18500
2-Oct-14,18600
3-Oct-14,18550
4-Oct-14,18400
6-Oct-14,18400
7-Oct-14,18600
8-Oct-14,18750
9-Oct-14,18750
10-Oct-14,18700
11-Oct-14,18750
13-Oct-14,18800
14-Oct-14,18900
15-Oct-14,18800
16-Oct-14,19050
17-Oct-14,18900
18-Oct-14,18950
20-Oct-14,18900
21-Oct-14,19000
22-Oct-14,19000
24-Oct-14,18850
25-Oct-14,18850
27-Oct-14,18850
28-Oct-14,18800
29-Oct-14,18850
30-Oct-14,18550
31-Oct-14,18050
1-Nov-14,18100
3-Nov-14,18000
4-Nov-14,18000
5-Nov-14,17800
6-Nov-14,17750
7-Nov-14,17800
8-Nov-14,18200
10-Nov-14,18100
11-Nov-14,17850
12-Nov-14,18050
13-Nov-14,17950
14-Nov-14,17900
15-Nov-14,18350
17-Nov-14,18350
18-Nov-14,18550
25-Nov-14,18550
20-Nov-14,18450
21-Nov-14,18400
22-Nov-14,18550
24-Nov-14,18500
25-Nov-14,18550
26-Nov-14,18500
27-Nov-14,18500
28-Nov-14,18350
29-Nov-14,18150
1-Dec-14,18250
2-Dec-14,18550
3-Dec-14,18650
4-Dec-14,18650
6-Dec-14,18600
8-Dec-14,18650
9-Dec-14,18700
10-Dec-14,19050
11-Dec-14,18900
12-Dec-14,18950
13-Dec-14,18950
15-Dec-14,18850
16-Dec-14,18700
17-Dec-14,18600
18-Dec-14,18700
25-Dec-14,18550
20-Dec-14,18550
22-Dec-14,18550
23-Dec-14,18350
24-Dec-14,18300
25-Dec-14,18250
26-Dec-14,18450
27-Dec-14,18550
29-Dec-14,18550
30-Dec-14,18450
30-Dec-14,18450
2-Jan-15,18450
3-Jan-15,18550
6-Jan-15,18700
7-Jan-15,18850
8-Jan-15,18800
9-Jan-15,18750
10-Jan-15,18900
12-Jan-15,18950
13-Jan-15,19100
16-Jan-15,19400
17-Jan-15,19600
25-Jan-15,19600
20-Jan-15,19700
21-Jan-15,19950
22-Jan-15,19850
23-Jan-15,19950
24-Jan-15,19850
26-Jan-15,19900
27-Jan-15,19650
28-Jan-15,19850
29-Jan-15,19700
30-Jan-15,19500
31-Jan-15,19800
2-Feb-15,19750
3-Feb-15,19550
4-Feb-15,19400
5-Feb-15,19550
6-Feb-15,19450
7-Feb-15,19050
9-Feb-15,19100
10-Feb-15,19100
11-Feb-15,19050
12-Feb-15,18850
13-Feb-15,18900
14-Feb-15,18950
16-Feb-15,18950
17-Feb-15,18950
18-Feb-15,18600
25-Feb-15,18700
20-Feb-15,18600
21-Feb-15,18500
23-Feb-15,18500
24-Feb-15,18500
25-Feb-15,18550
26-Feb-15,18550
27-Feb-15,18500
28-Feb-15,18550
2-Mar-15,18650
3-Mar-15,18300
5-Mar-15,18400
6-Mar-15,18350
7-Mar-15,18050
9-Mar-15,18000
10-Mar-15,18000
11-Mar-15,17950
12-Mar-15,17900
13-Mar-15,17950
14-Mar-15,18050
16-Mar-15,18000
17-Mar-15,17950
18-Mar-15,17900
25-Mar-15,18100
20-Mar-15,18100
21-Mar-15,18200
23-Mar-15,18200
24-Mar-15,18200
25-Mar-15,18250
26-Mar-15,18400
27-Mar-15,18450
28-Mar-15,18450
30-Mar-15,18400
31-Mar-15,18250
1-Apr-15,18400
2-Apr-15,18400
3-Apr-15,18400
4-Apr-15,18600
7-Apr-15,18550
8-Apr-15,18400
9-Apr-15,18350
10-Apr-15,18500
11-Apr-15,18450
16-Apr-15,18350
17-Apr-15,18400
18-Apr-15,18400
20-Apr-15,18300
21-Apr-15,18350
22-Apr-15,18150
23-Apr-15,18200
24-Apr-15,18250
25-Apr-15,18150
27-Apr-15,18200
28-Apr-15,18450
29-Apr-15,18600
30-Apr-15,18650
2-May-15,18450
4-May-15,18550
6-May-15,18750
7-May-15,18650
8-May-15,18700
9-May-15,18750
11-May-15,18800
12-May-15,18850
13-May-15,18900
14-May-15,19150
15-May-15,19250
16-May-15,19300
18-May-15,19300
25-May-15,19250
20-May-15,19150
21-May-15,19150
22-May-15,19050
23-May-15,19050
25-May-15,19050
26-May-15,19100
27-May-15,18950
28-May-15,18950
29-May-15,18900
30-May-15,18900
2-Jun-15,18900
3-Jun-15,19000
4-Jun-15,18800
5-Jun-15,18750
6-Jun-15,18750
8-Jun-15,18750
9-Jun-15,18700
10-Jun-15,18750
11-Jun-15,18800
12-Jun-15,18800
13-Jun-15,18750
15-Jun-15,18800
16-Jun-15,18800
17-Jun-15,18750
18-Jun-15,18800
25-Jun-15,19050
20-Jun-15,19050
22-Jun-15,19000
23-Jun-15,18850
24-Jun-15,18750
25-Jun-15,18750
26-Jun-15,18750
27-Jun-15,18750
29-Jun-15,18850
30-Jun-15,18750
1-Jul-15,18700
2-Jul-15,18650
3-Jul-15,18600
4-Jul-15,18650
6-Jul-15,18650
7-Jul-15,18650
8-Jul-15,18550
9-Jul-15,18550
10-Jul-15,18600
11-Jul-15,18650
13-Jul-15,18650
14-Jul-15,18550
15-Jul-15,18550
16-Jul-15,18500
17-Jul-15,18500
18-Jul-15,18350
20-Jul-15,18000
21-Jul-15,18000
22-Jul-15,17950
23-Jul-15,18000
24-Jul-15,17800
25-Jul-15,18100
27-Jul-15,18050
28-Jul-15,18000
29-Jul-15,18050
31-Jul-15,18000
1-Aug-15,18050
3-Aug-15,18100
4-Aug-15,18000
5-Aug-15,18000
6-Aug-15,18000
7-Aug-15,18050
8-Aug-15,18100
10-Aug-15,18100
11-Aug-15,18300
13-Aug-15,18600
14-Aug-15,18500
15-Aug-15,18500
17-Aug-15,18550
18-Aug-15,18700
25-Aug-15,18750
20-Aug-15,19000
21-Aug-15,19500
22-Aug-15,19450
24-Aug-15,19550
25-Aug-15,19400
26-Aug-15,19100
27-Aug-15,18950
28-Aug-15,19000
29-Aug-15,19150
31-Aug-15,19150
1-Sep-15,19200
2-Sep-15,19200
3-Sep-15,19150
4-Sep-15,19000
5-Sep-15,19000
7-Sep-15,19050
8-Sep-15,19100
9-Sep-15,19050
10-Sep-15,18900
11-Sep-15,18900
12-Sep-15,18850
14-Sep-15,18850
15-Sep-15,18800
16-Sep-15,18750
17-Sep-15,18950
18-Sep-15,19050
25-Sep-15,19100
21-Sep-15,19150
22-Sep-15,19200
23-Sep-15,19100
24-Sep-15,19350
25-Sep-15,19650
26-Sep-15,19500
28-Sep-15,19550
29-Sep-15,19450
30-Sep-15,19300
1-Oct-15,19150
2-Oct-15,19200
3-Oct-15,19500
5-Oct-15,19500
6-Oct-15,19450
7-Oct-15,19600
8-Oct-15,19400
9-Oct-15,19250
10-Oct-15,19350
12-Oct-15,19400
13-Oct-15,19350
14-Oct-15,19700
15-Oct-15,19600
16-Oct-15,19600
17-Oct-15,19600
25-Oct-15,19550
20-Oct-15,19550
21-Oct-15,19650
22-Oct-15,19550
24-Oct-15,19550
26-Oct-15,19550
27-Oct-15,19500
28-Oct-15,19550
29-Oct-15,19550
30-Oct-15,19300
31-Oct-15,19250
2-Nov-15,19150
3-Nov-15,19050
4-Nov-15,18800
5-Nov-15,18650
6-Nov-15,18650
7-Nov-15,18500
9-Nov-15,18500
10-Nov-15,18550
11-Nov-15,18500
12-Nov-15,18400
13-Nov-15,18350
14-Nov-15,18450
16-Nov-15,18500
17-Nov-15,18400
18-Nov-15,18200
25-Nov-15,18300
20-Nov-15,18300
21-Nov-15,18250
23-Nov-15,18150
24-Nov-15,18150
25-Nov-15,18200
26-Nov-15,18100
27-Nov-15,18100
28-Nov-15,17950
30-Nov-15,17900
1-Dec-15,18100
2-Dec-15,18050
3-Dec-15,17850
4-Dec-15,17950
7-Dec-15,18300
8-Dec-15,18100
9-Dec-15,18250
10-Dec-15,18200
11-Dec-15,18150
12-Dec-15,18300
14-Dec-15,18300
15-Dec-15,18150
16-Dec-15,18050
17-Dec-15,18150
18-Dec-15,18050
25-Dec-15,18150
21-Dec-15,18200
22-Dec-15,18350
23-Dec-15,18250
24-Dec-15,18250
25-Dec-15,18300
26-Dec-15,18300
28-Dec-15,18250
29-Dec-15,18250
30-Dec-15,18250
2-Jan-16,18100
4-Jan-16,18150
5-Jan-16,18350
6-Jan-16,18400
7-Jan-16,18800
9-Jan-16,18850
13-Jan-16,18550
14-Jan-16,18700
15-Jan-16,18500
16-Jan-16,18650
18-Jan-16,18700
25-Jan-16,18650
21-Jan-16,18800
22-Jan-16,18750
23-Jan-16,18650
25-Jan-16,18650
26-Jan-16,18800
27-Jan-16,18900
28-Jan-16,18900
30-Jan-16,18800
1-Feb-16,18850
2-Feb-16,18900
3-Feb-16,19000
4-Feb-16,19150
5-Feb-16,19350
6-Feb-16,19600
8-Feb-16,19500
9-Feb-16,19950
10-Feb-16,19900
11-Feb-16,20000
12-Feb-16,20550
13-Feb-16,20700
15-Feb-16,20600
16-Feb-16,20200
17-Feb-16,20200
18-Feb-16,20250
25-Feb-16,20600
20-Feb-16,20600
23-Feb-16,20500
24-Feb-16,20650
25-Feb-16,20750
26-Feb-16,20800
27-Feb-16,20600
1-Mar-16,20900
2-Mar-16,20650
3-Mar-16,20750
4-Mar-16,21000
5-Mar-16,20950
7-Mar-16,21050
8-Mar-16,21200
9-Mar-16,20950
10-Mar-16,20850
11-Mar-16,21200
12-Mar-16,20700
14-Mar-16,20800
15-Mar-16,20400
16-Mar-16,20400
17-Mar-16,20600
18-Mar-16,20750
25-Mar-16,20650
21-Mar-16,20650
22-Mar-16,20500
23-Mar-16,20500
24-Mar-16,20300
25-Mar-16,20300
26-Mar-16,20300
28-Mar-16,20200
29-Mar-16,20350
30-Mar-16,20600
31-Mar-16,20400
1-Apr-16,20400
2-Apr-16,20300
4-Apr-16,20200
5-Apr-16,20400
7-Apr-16,20350
8-Apr-16,20500
9-Apr-16,20500
11-Apr-16,20650
12-Apr-16,20700
16-Apr-16,20450
18-Apr-16,20450
25-Apr-16,20350
20-Apr-16,20600
21-Apr-16,20600
22-Apr-16,20650
23-Apr-16,20400
25-Apr-16,20450
26-Apr-16,20550
27-Apr-16,20600
28-Apr-16,20600
29-Apr-16,20950
30-Apr-16,21200
1-May-16,21200
2-May-16,21250
3-May-16,21250
4-May-16,21200
6-May-16,21200
7-May-16,21250
9-May-16,21300
10-May-16,21000
11-May-16,21100
12-May-16,21150
13-May-16,21100
14-May-16,21200
16-May-16,21300
17-May-16,21300
18-May-16,21400
25-May-16,21200
21-May-16,21100
23-May-16,21100
24-May-16,21050
25-May-16,20750
26-May-16,20700
27-May-16,20450
28-May-16,20450
30-May-16,20350
31-May-16,20450
1-Jun-16,20500
2-Jun-16,20450
3-Jun-16,20350
4-Jun-16,20650
6-Jun-16,20700
7-Jun-16,20700
8-Jun-16,20700
9-Jun-16,20850
10-Jun-16,21050
11-Jun-16,21100
13-Jun-16,21150
14-Jun-16,21250
15-Jun-16,21400
16-Jun-16,21550
17-Jun-16,21350
18-Jun-16,21500
20-Jun-16,21350
21-Jun-16,21400
22-Jun-16,21100
23-Jun-16,21000
24-Jun-16,21300
25-Jun-16,21850
27-Jun-16,22100
28-Jun-16,22000
29-Jun-16,21950
30-Jun-16,21850
1-Jul-16,21950
2-Jul-16,22100
4-Jul-16,22300
5-Jul-16,22250
6-Jul-16,22650
7-Jul-16,22700
8-Jul-16,22500
9-Jul-16,22650
11-Jul-16,22700
12-Jul-16,22500
13-Jul-16,22150
14-Jul-16,22250
15-Jul-16,22000
16-Jul-16,22050
18-Jul-16,21900
20-Jul-16,22000
21-Jul-16,21750
22-Jul-16,21900
23-Jul-16,21850
25-Jul-16,21750
26-Jul-16,21800
27-Jul-16,21800
28-Jul-16,22000
29-Jul-16,22000
30-Jul-16,22100
1-Aug-16,22150
2-Aug-16,22150
3-Aug-16,22350
4-Aug-16,22350
5-Aug-16,22400
6-Aug-16,22150
8-Aug-16,22100
9-Aug-16,22000
10-Aug-16,22100
11-Aug-16,22050
13-Aug-16,21950
15-Aug-16,22000
16-Aug-16,21950
17-Aug-16,22000
18-Aug-16,22100
25-Aug-16,22000
20-Aug-16,21950
22-Aug-16,21900
23-Aug-16,21850
24-Aug-16,21850
25-Aug-16,21700
26-Aug-16,21600
27-Aug-16,21650
29-Aug-16,21550
30-Aug-16,21600
31-Aug-16,21500
1-Sep-16,21450
2-Sep-16,21450
3-Sep-16,21650
5-Sep-16,21650
6-Sep-16,21750
7-Sep-16,22000
8-Sep-16,22000
9-Sep-16,21950
10-Sep-16,21850
12-Sep-16,21850
13-Sep-16,21900
14-Sep-16,21800
15-Sep-16,21800
16-Sep-16,21650
17-Sep-16,21650
25-Sep-16,21650
20-Sep-16,21650
21-Sep-16,21600
22-Sep-16,21800
23-Sep-16,21800
24-Sep-16,21850
26-Sep-16,21850
27-Sep-16,21800
28-Sep-16,21650
29-Sep-16,21650
30-Sep-16,21650
1-Oct-16,21550
3-Oct-16,21450
4-Oct-16,20900
5-Oct-16,20850
6-Oct-16,20700
7-Oct-16,20750
8-Oct-16,20800
10-Oct-16,20900
11-Oct-16,20950
12-Oct-16,21150
13-Oct-16,20950
14-Oct-16,20900
15-Oct-16,20950
17-Oct-16,20900
18-Oct-16,20850
25-Oct-16,20950
20-Oct-16,20950
21-Oct-16,20950
22-Oct-16,20900
25-Oct-16,21000
26-Oct-16,20950
27-Oct-16,21050
28-Oct-16,21050
29-Oct-16,21050
31-Oct-16,21050
1-Nov-16,21400
2-Nov-16,21350
3-Nov-16,21450
4-Nov-16,21450
5-Nov-16,21500
7-Nov-16,21350
8-Nov-16,21200
9-Nov-16,21400
10-Nov-16,21300
11-Nov-16,21000
12-Nov-16,20600
14-Nov-16,20400
15-Nov-16,20500
16-Nov-16,20550
17-Nov-16,20500
18-Nov-16,20300
25-Nov-16,20350
21-Nov-16,20350
22-Nov-16,20400
23-Nov-16,20350
24-Nov-16,20000
25-Nov-16,19800
26-Nov-16,19950
28-Nov-16,20050
29-Nov-16,20000
30-Nov-16,20050
1-Dec-16,19700
2-Dec-16,19800
3-Dec-16,19800
6-Dec-16,19750
7-Dec-16,19700
8-Dec-16,19800
9-Dec-16,19650
10-Dec-16,19600
12-Dec-16,19550
13-Dec-16,19550
14-Dec-16,19500
15-Dec-16,19300
16-Dec-16,19150
17-Dec-16,19250
25-Dec-16,19250
20-Dec-16,19300
21-Dec-16,19300
22-Dec-16,19250
23-Dec-16,19250
24-Dec-16,19300
26-Dec-16,19300
27-Dec-16,19300
28-Dec-16,19400
29-Dec-16,19500
30-Dec-16,19600
3-Jan-17,19450
4-Jan-17,19700
5-Jan-17,19800
6-Jan-17,19850
7-Jan-17,19800
9-Jan-17,19850
10-Jan-17,19900
11-Jan-17,19950
12-Jan-17,20100
13-Jan-17,20000
14-Jan-17,20000
16-Jan-17,20100
17-Jan-17,20250
18-Jan-17,20200
25-Jan-17,20100
20-Jan-17,20100
21-Jan-17,20200
23-Jan-17,20200
24-Jan-17,20200
26-Jan-17,19850
27-Jan-17,19700
28-Jan-17,19850
30-Jan-17,19800
31-Jan-17,19900
1-Feb-17,20050
2-Feb-17,20150
3-Feb-17,20100
4-Feb-17,20150
6-Feb-17,20200
7-Feb-17,20350
8-Feb-17,20450
9-Feb-17,20500
10-Feb-17,20250
13-Feb-17,20350
14-Feb-17,20250
15-Feb-17,20250
16-Feb-17,20400
17-Feb-17,20450
18-Feb-17,20400
20-Feb-17,20400
21-Feb-17,20350
22-Feb-17,20400
23-Feb-17,20400
24-Feb-17,20650
25-Feb-17,20650
27-Feb-17,20650
28-Feb-17,20600
1-Mar-17,20550
1-Mar-17,20600
2-Mar-17,20550
3-Mar-17,20300
4-Mar-17,20450
6-Mar-17,20350
7-Mar-17,20300
8-Mar-17,20200
9-Mar-17,20100
10-Mar-17,20000
11-Mar-17,20100
13-Mar-17,20150
14-Mar-17,20050
15-Mar-17,20000
16-Mar-17,20250
17-Mar-17,20200
18-Mar-17,20200
20-Mar-17,20200
21-Mar-17,20150
22-Mar-17,20400
23-Mar-17,20350
24-Mar-17,20300
25-Mar-17,20300
27-Mar-17,20400
28-Mar-17,20350
29-Mar-17,20350
30-Mar-17,20300
31-Mar-17,20200
1-Apr-17,20250
3-Apr-17,20200
4-Apr-17,20450
5-Apr-17,20450
7-Apr-17,20600
7-Apr-17,20700
8-Apr-17,20500
10-Apr-17,20500
11-Apr-17,20500
12-Apr-17,20700
17-Apr-17,20800
18-Apr-17,20850
25-Apr-17,20800
20-Apr-17,20750
21-Apr-17,20750
22-Apr-17,20800
24-Apr-17,20650
25-Apr-17,20600
26-Apr-17,20550
27-Apr-17,20600
28-Apr-17,20650
29-Apr-17,20700
1-May-17,20650
2-May-17,20450
3-May-17,20400
4-May-17,20200
4-May-17,20150
5-May-17,20200
6-May-17,20150
8-May-17,20150
9-May-17,20100
10-May-17,20050
12-May-17,20150
13-May-17,20100
15-May-17,20100
16-May-17,20100
17-May-17,20250
18-May-17,20500
25-May-17,20300
20-May-17,20350
22-May-17,20350
23-May-17,20450
24-May-17,20350
25-May-17,20300
26-May-17,20300
27-May-17,20350
29-May-17,20350
30-May-17,20350
30-May-17,20400
31-May-17,20300
1-Jun-17,20400
2-Jun-17,20350
3-Jun-17,20500
5-Jun-17,20550
6-Jun-17,20600
7-Jun-17,20700
8-Jun-17,20650
9-Jun-17,20450
10-Jun-17,20400
12-Jun-17,20400
13-Jun-17,20250
14-Jun-17,20300
15-Jun-17,20200
16-Jun-17,20150
17-Jun-17,20150
25-Jun-17,20050
20-Jun-17,20000
21-Jun-17,20050
22-Jun-17,20100
23-Jun-17,20150
23-Jun-17,20100
24-Jun-17,20150
26-Jun-17,19950
27-Jun-17,20050
28-Jun-17,20100
29-Jun-17,20000
30-Jun-17,19950
1-Jul-17,19950
3-Jul-17,19850
4-Jul-17,19700
4-Jul-17,19650
5-Jul-17,19600
6-Jul-17,19700
7-Jul-17,19650
8-Jul-17,19600
10-Jul-17,19450
11-Jul-17,19550
12-Jul-17,19550
13-Jul-17,19600
14-Jul-17,19500
15-Jul-17,19600
17-Jul-17,19600
18-Jul-17,19650
25-Jul-17,19700
20-Jul-17,19650
21-Jul-17,19700
22-Jul-17,19750
24-Jul-17,19750
25-Jul-17,19750
26-Jul-17,19700
27-Jul-17,19850
28-Jul-17,19800
29-Jul-17,19950
31-Jul-17,19900
1-Aug-17,19900
2-Aug-17,19900
3-Aug-17,19800
4-Aug-17,19900
5-Aug-17,19800
7-Aug-17,19750
8-Aug-17,19800
9-Aug-17,19850
10-Aug-17,20000
11-Aug-17,20150
12-Aug-17,20150
14-Aug-17,20100
15-Aug-17,20000
16-Aug-17,19950
17-Aug-17,20150
18-Aug-17,20250
25-Aug-17,20150
21-Aug-17,20150
22-Aug-17,20150
23-Aug-17,20200
24-Aug-17,20200
24-Aug-17,20250
25-Aug-17,20200
25-Aug-17,20250
26-Aug-17,20200
28-Aug-17,20300
29-Aug-17,20650
30-Aug-17,20500
31-Aug-17,20450
1-Sep-17,20600
2-Sep-17,20650
5-Sep-17,20800
6-Sep-17,20900
7-Sep-17,20900
8-Sep-17,21050
9-Sep-17,21000
11-Sep-17,20900
12-Sep-17,20700
12-Sep-17,20750
13-Sep-17,20750
14-Sep-17,20650
15-Sep-17,20650
16-Sep-17,20650
18-Sep-17,20550
25-Sep-17,20400
20-Sep-17,20500
21-Sep-17,20250
22-Sep-17,20250
23-Sep-17,20250
25-Sep-17,20200
26-Sep-17,20450
27-Sep-17,20250
28-Sep-17,20250
29-Sep-17,20250
30-Sep-17,20150
2-Oct-17,20050
3-Oct-17,20100
4-Oct-17,20100
5-Oct-17,20050
6-Oct-17,20100
6-Oct-17,20000
7-Oct-17,20200
9-Oct-17,20250
10-Oct-17,20200
11-Oct-17,20250
12-Oct-17,20200
13-Oct-17,20300
14-Oct-17,20350
16-Oct-17,20150
17-Oct-17,20050
18-Oct-17,20050
25-Oct-17,20100
20-Oct-17,20050
21-Oct-17,20050
23-Oct-17,20000
24-Oct-17,20050
25-Oct-17,19950
25-Oct-17,20000
26-Oct-17,20000
27-Oct-17,19900
28-Oct-17,20000
30-Oct-17,19950
31-Oct-17,20000
1-Nov-17,20000
2-Nov-17,19950
3-Nov-17,19950
4-Nov-17,19900
6-Nov-17,19900
7-Nov-17,19950
8-Nov-17,19950
9-Nov-17,20050
10-Nov-17,20050
11-Nov-17,20000
13-Nov-17,19950
14-Nov-17,19900
14-Nov-17,19950
15-Nov-17,20000
15-Nov-17,19950
16-Nov-17,19900
17-Nov-17,19900
18-Nov-17,20000
20-Nov-17,19950
21-Nov-17,19800
22-Nov-17,19800
23-Nov-17,19900
24-Nov-17,19900
25-Nov-17,19850
27-Nov-17,19900
28-Nov-17,19900
28-Nov-17,19950
29-Nov-17,19900
30-Nov-17,19750
30-Nov-17,19800
30-Nov-17,19750
1-Dec-17,19700
2-Dec-17,19650
4-Dec-17,19650
5-Dec-17,19500
6-Dec-17,19550
7-Dec-17,19400
8-Dec-17,19250
9-Dec-17,19250
12-Dec-17,19200
13-Dec-17,19150
14-Dec-17,19250
15-Dec-17,19300
16-Dec-17,19300
18-Dec-17,19350
25-Dec-17,19500
20-Dec-17,19500
21-Dec-17,19550
22-Dec-17,19600
23-Dec-17,19650
25-Dec-17,19650
26-Dec-17,19750
27-Dec-17,19900
28-Dec-17,19900
29-Dec-17,19950
30-Dec-17,20000
1-Jan-18,20000
2-Jan-18,20050
3-Jan-18,20100
4-Jan-18,19950
5-Jan-18,20050
6-Jan-18,20050
8-Jan-18,20000
9-Jan-18,20000
10-Jan-18,19950
11-Jan-18,19950
12-Jan-18,20050
13-Jan-18,20100
15-Jan-18,20200
16-Jan-18,20150
17-Jan-18,20150
18-Jan-18,20000
25-Jan-18,20050
20-Jan-18,20050
22-Jan-18,20000
23-Jan-18,20050
24-Jan-18,20100
25-Jan-18,20150
26-Jan-18,20050
27-Jan-18,20000
29-Jan-18,19950
30-Jan-18,19900
31-Jan-18,19850
1-Feb-18,19850
2-Feb-18,19950
3-Feb-18,19800
5-Feb-18,19850
6-Feb-18,19950
7-Feb-18,19800
8-Feb-18,19700
9-Feb-18,19750
10-Feb-18,19750
12-Feb-18,19750
13-Feb-18,19750
14-Feb-18,19750
15-Feb-18,20000
16-Feb-18,20000
17-Feb-18,19900
25-Feb-18,19950
20-Feb-18,19900
21-Feb-18,19750
22-Feb-18,19750
23-Feb-18,19750
24-Feb-18,19750
26-Feb-18,19800
27-Feb-18,19700
28-Feb-18,19600
1-Mar-18,19550
2-Mar-18,19550
3-Mar-18,19650
5-Mar-18,19650
6-Mar-18,19600
7-Mar-18,19700
8-Mar-18,19600
9-Mar-18,19550
10-Mar-18,19550
12-Mar-18,19500
13-Mar-18,19450
14-Mar-18,19500
15-Mar-18,19450
16-Mar-18,19400
17-Mar-18,19400
25-Mar-18,19350
20-Mar-18,19350
21-Mar-18,19400
21-Mar-18,19350
22-Mar-18,19600
23-Mar-18,19750
24-Mar-18,19750
26-Mar-18,19800
27-Mar-18,19850
28-Mar-18,19750
29-Mar-18,19550
30-Mar-18,19550
31-Mar-18,19600
2-Apr-18,19600
2-Apr-18,19550
3-Apr-18,19700
4-Apr-18,19750
4-Apr-18,19600
5-Apr-18,19550
5-Apr-18,19600
6-Apr-18,19550
7-Apr-18,19650
9-Apr-18,19600
10-Apr-18,19700
10-Apr-18,19650
11-Apr-18,19750
12-Apr-18,19800
13-Apr-18,19750
14-Apr-18,19750
16-Apr-18,19800
17-Apr-18,19750
18-Apr-18,19800
25-Apr-18,19850
20-Apr-18,19800
21-Apr-18,19750
23-Apr-18,19750
24-Apr-18,19700
25-Apr-18,19700
26-Apr-18,19700
27-Apr-18,19650
28-Apr-18,19700
30-Apr-18,19600
1-May-18,19550
2-May-18,19600
3-May-18,19600
4-May-18,19600
5-May-18,19650
7-May-18,19700
8-May-18,19750
9-May-18,19800
10-May-18,19850
11-May-18,19900
12-May-18,19850
14-May-18,19800
15-May-18,19750
16-May-18,19600
17-May-18,19500
18-May-18,19550
25-May-18,19650
21-May-18,19550
22-May-18,19550
23-May-18,19650
24-May-18,19600
25-May-18,19650
26-May-18,19600
28-May-18,19550
29-May-18,19700
30-May-18,19650
31-May-18,19650
1-Jun-18,19650
2-Jun-18,19550
4-Jun-18,19550
5-Jun-18,19500
6-Jun-18,19500
7-Jun-18,19550
8-Jun-18,19600
9-Jun-18,19600
11-Jun-18,19600
12-Jun-18,19650
13-Jun-18,19650
14-Jun-18,19750
14-Jun-18,19700
15-Jun-18,19850
15-Jun-18,19800
16-Jun-18,19700
18-Jun-18,19750
25-Jun-18,19800
20-Jun-18,19700
21-Jun-18,19650
22-Jun-18,19700
23-Jun-18,19700
25-Jun-18,19700
26-Jun-18,19600
27-Jun-18,19600
28-Jun-18,19550
29-Jun-18,19550
30-Jun-18,19550
2-Jul-18,19550
3-Jul-18,19500
4-Jul-18,19650
5-Jul-18,19650
6-Jul-18,19650
7-Jul-18,19650
9-Jul-18,19700
10-Jul-18,19650
11-Jul-18,19650
12-Jul-18,19550
12-Jul-18,19600
13-Jul-18,19550
14-Jul-18,19550
16-Jul-18,19550
17-Jul-18,19500
18-Jul-18,19300
25-Jul-18,19250
20-Jul-18,19300
21-Jul-18,19400
23-Jul-18,19400
24-Jul-18,19300
24-Jul-18,19350
25-Jul-18,19300
26-Jul-18,19300
27-Jul-18,19300
28-Jul-18,19300
30-Jul-18,19250
31-Jul-18,19200
1-Aug-18,19150
2-Aug-18,19100
3-Aug-18,19000
4-Aug-18,19100
6-Aug-18,19050
7-Aug-18,19050
8-Aug-18,19050
9-Aug-18,19000
10-Aug-18,19000
11-Aug-18,19050
13-Aug-18,19000
13-Aug-18,19050
14-Aug-18,18800
15-Aug-18,18700
16-Aug-18,18550
16-Aug-18,18500
17-Aug-18,18500
18-Aug-18,18600
20-Aug-18,18600
21-Aug-18,18500
22-Aug-18,18500
23-Aug-18,18450
24-Aug-18,18400
25-Aug-18,18600
27-Aug-18,18550
28-Aug-18,18650
29-Aug-18,18600
30-Aug-18,18600
31-Aug-18,18650
1-Sep-18,18600
3-Sep-18,18600
4-Sep-18,18500
5-Sep-18,18500
6-Sep-18,18600
7-Sep-18,18600
8-Sep-18,18550
10-Sep-18,18550
11-Sep-18,18500
12-Sep-18,18500
13-Sep-18,18550
14-Sep-18,18550
15-Sep-18,18450
17-Sep-18,18450
18-Sep-18,18450
25-Sep-18,18450
20-Sep-18,18400
21-Sep-18,18450
22-Sep-18,18400
24-Sep-18,18350
25-Sep-18,18400
26-Sep-18,18350
27-Sep-18,18300
28-Sep-18,18100
28-Sep-18,18150
29-Sep-18,18200
1-Oct-18,18050
2-Oct-18,18200
3-Oct-18,18350
4-Oct-18,18450
5-Oct-18,18600
6-Oct-18,18600
8-Oct-18,18600
9-Oct-18,18500
10-Oct-18,18450
11-Oct-18,18600
12-Oct-18,18800
13-Oct-18,18800
15-Oct-18,18950
16-Oct-18,18900
17-Oct-18,18800
18-Oct-18,18800
25-Oct-18,18850
20-Oct-18,18850
22-Oct-18,18900
23-Oct-18,19100
24-Oct-18,19050
25-Oct-18,19150
26-Oct-18,19300
27-Oct-18,19250
29-Oct-18,19250
30-Oct-18,19200
31-Oct-18,19050
1-Nov-18,19050
2-Nov-18,19100
3-Nov-18,19100
5-Nov-18,19150
6-Nov-18,19150
7-Nov-18,19100
8-Nov-18,18950
9-Nov-18,19000
10-Nov-18,18900
12-Nov-18,18850
13-Nov-18,18700
14-Nov-18,18700
15-Nov-18,18850
16-Nov-18,18900
17-Nov-18,18900
25-Nov-18,18950
20-Nov-18,19000
21-Nov-18,19050
22-Nov-18,19100
23-Nov-18,19050
24-Nov-18,19050
26-Nov-18,19100
27-Nov-18,19000
28-Nov-18,18950
29-Nov-18,19000
30-Nov-18,19000
1-Dec-18,19000
3-Dec-18,19000
4-Dec-18,19100
5-Dec-18,19100
6-Dec-18,19150
7-Dec-18,19200
8-Dec-18,19300
10-Dec-18,19300
11-Dec-18,19300
12-Dec-18,19250
13-Dec-18,19200
14-Dec-18,19150
15-Dec-18,19200
17-Dec-18,19150
18-Dec-18,19250
25-Dec-18,19250
20-Dec-18,19300
21-Dec-18,19400
22-Dec-18,19350
24-Dec-18,19400
25-Dec-18,19450
26-Dec-18,19500
27-Dec-18,19500
28-Dec-18,19600
29-Dec-18,19650
31-Dec-18,19600
1-Jan-19,19550
2-Jan-19,19600
3-Jan-19,19550
4-Jan-19,19550
5-Jan-19,19450
7-Jan-19,19450
8-Jan-19,19400
9-Jan-19,19400
10-Jan-19,19500
11-Jan-19,19450
12-Jan-19,19400
14-Jan-19,19500
15-Jan-19,19400
16-Jan-19,19300
16-Jan-19,19350
17-Jan-19,19350
18-Jan-19,19250
25-Jan-19,19250
21-Jan-19,19200
22-Jan-19,19250
23-Jan-19,19250
24-Jan-19,19150
25-Jan-19,19150
26-Jan-19,19350
28-Jan-19,19350
29-Jan-19,19450
30-Jan-19,19450
31-Jan-19,19450
1-Feb-19,19450
2-Feb-19,19450
4-Feb-19,19400
5-Feb-19,19400
6-Feb-19,19400
7-Feb-19,19250
8-Feb-19,19400
9-Feb-19,19450
11-Feb-19,19400
12-Feb-19,19400
13-Feb-19,19350
14-Feb-19,19350
15-Feb-19,19400
16-Feb-19,19450
18-Feb-19,19500
25-Feb-19,19550
25-Feb-19,19500
20-Feb-19,19650
21-Feb-19,19600
22-Feb-19,19550
23-Feb-19,19600
25-Feb-19,19600
26-Feb-19,19600
27-Feb-19,19650
28-Feb-19,19650
1-Mar-19,19600
2-Mar-19,19450
4-Mar-19,19350
5-Mar-19,19300
6-Mar-19,19350
7-Mar-19,19300
7-Mar-19,19350
8-Mar-19,19400
9-Mar-19,19450
11-Mar-19,19400
12-Mar-19,19350
13-Mar-19,19450
14-Mar-19,19450
15-Mar-19,19450
16-Mar-19,19450
25-Mar-19,19500
20-Mar-19,19500
21-Mar-19,19650
22-Mar-19,19600
23-Mar-19,19600
25-Mar-19,19600
26-Mar-19,19650
27-Mar-19,19700
28-Mar-19,19650
29-Mar-19,19350
30-Mar-19,19400
1-Apr-19,19350
2-Apr-19,19300
3-Apr-19,19350
4-Apr-19,19350
5-Apr-19,19400
5-Apr-19,19350
6-Apr-19,19400
8-Apr-19,19500
9-Apr-19,19550
9-Apr-19,19500
10-Apr-19,19550
11-Apr-19,19550
12-Apr-19,19400
13-Apr-19,19400
15-Apr-19,19350
16-Apr-19,19350
17-Apr-19,19200
18-Apr-19,19150
25-Apr-19,19200
20-Apr-19,19250
22-Apr-19,19250
23-Apr-19,19200
24-Apr-19,19200
25-Apr-19,19300
26-Apr-19,19350
27-Apr-19,19350
29-Apr-19,19300
30-Apr-19,19350
1-May-19,19300
2-May-19,19200
2-May-19,19250
3-May-19,19200
4-May-19,19250
6-May-19,19300
6-May-19,19300
7-May-19,19300
8-May-19,19300
9-May-19,19250
10-May-19,19150
11-May-19,19150
13-May-19,19200
14-May-19,19300
15-May-19,19300
16-May-19,19300
17-May-19,19250
18-May-19,19200
20-May-19,19200
21-May-19,19200
22-May-19,19200
23-May-19,19200
24-May-19,19300
25-May-19,19300
27-May-19,19300
28-May-19,19250
29-May-19,19250
30-May-19,19200
31-May-19,19350
1-Jun-19,19400
3-Jun-19,19450
4-Jun-19,19550
5-Jun-19,19700
6-Jun-19,19700
7-Jun-19,19700
8-Jun-19,19700
10-Jun-19,19650
11-Jun-19,19550
12-Jun-19,19650
13-Jun-19,19650
14-Jun-19,19850
15-Jun-19,19750
17-Jun-19,19700
18-Jun-19,19850
25-Jun-19,19800
20-Jun-19,20100
21-Jun-19,20150
22-Jun-19,20250
24-Jun-19,20350
25-Jun-19,20650
26-Jun-19,20400
27-Jun-19,20350
27-Jun-19,20400
28-Jun-19,20400
29-Jun-19,20400
1-Jul-19,20050
2-Jul-19,20150
3-Jul-19,20500
4-Jul-19,20450
5-Jul-19,20450
6-Jul-19,20300
8-Jul-19,20350
9-Jul-19,20200
10-Jul-19,20250
11-Jul-19,20500
12-Jul-19,20450
13-Jul-19,20550
15-Jul-19,20550
16-Jul-19,20600
17-Jul-19,20450
18-Jul-19,20650
25-Jul-19,20800
20-Jul-19,20700
22-Jul-19,20700
23-Jul-19,20650
24-Jul-19,20750
25-Jul-19,20750
26-Jul-19,20700
27-Jul-19,20650
29-Jul-19,20650
30-Jul-19,20750
31-Jul-19,20750
1-Aug-19,20500
2-Aug-19,20850
5-Aug-19,21100
6-Aug-19,21200
7-Aug-19,21550
8-Aug-19,21700
9-Aug-19,21750
10-Aug-19,21700
12-Aug-19,21800
13-Aug-19,22200
14-Aug-19,21850
15-Aug-19,22100
16-Aug-19,22000
17-Aug-19,22050
25-Aug-19,21850
20-Aug-19,21850
21-Aug-19,21750
22-Aug-19,21750
23-Aug-19,21700
24-Aug-19,21950
26-Aug-19,22050
27-Aug-19,22050
28-Aug-19,22200
29-Aug-19,22200
30-Aug-19,22000
31-Aug-19,22000
2-Sep-19,22000
3-Sep-19,22100
4-Sep-19,22200
5-Sep-19,22250
6-Sep-19,21800
7-Sep-19,21850
9-Sep-19,21800
9-Sep-19,21850
11-Sep-19,21550
12-Sep-19,21600
13-Sep-19,21600
14-Sep-19,21450
16-Sep-19,21600
17-Sep-19,21600
18-Sep-19,21600
25-Sep-19,21550
20-Sep-19,21600
21-Sep-19,21750
23-Sep-19,21800
24-Sep-19,21900
25-Sep-19,22050
26-Sep-19,21800
27-Sep-19,21650
28-Sep-19,21650
30-Sep-19,21500
1-Oct-19,21250
2-Oct-19,21450
3-Oct-19,21650
4-Oct-19,21650
5-Oct-19,21600
7-Oct-19,21600
8-Oct-19,21550
9-Oct-19,21500
10-Oct-19,21600
10-Oct-19,21550
11-Oct-19,21450
12-Oct-19,21400
14-Oct-19,21400
15-Oct-19,21400
16-Oct-19,21300
17-Oct-19,21250
18-Oct-19,21250
25-Oct-19,21300
21-Oct-19,21250
22-Oct-19,21250
22-Oct-19,21200
24-Oct-19,21300
25-Oct-19,21400
26-Oct-19,21400
28-Oct-19,21450
29-Oct-19,21300
30-Oct-19,21250
31-Oct-19,21400
1-Nov-19,21500
2-Nov-19,21550
4-Nov-19,21500
5-Nov-19,21450
6-Nov-19,21250
7-Nov-19,21250
8-Nov-19,21050
9-Nov-19,21000
11-Nov-19,21000
12-Nov-19,20800
13-Nov-19,20900
14-Nov-19,20900
15-Nov-19,20900
16-Nov-19,20950
18-Nov-19,20850
25-Nov-19,20900
20-Nov-19,21000
21-Nov-19,20950
22-Nov-19,20950
23-Nov-19,20850
25-Nov-19,20800
25-Nov-19,20850
26-Nov-19,20750
27-Nov-19,20800
28-Nov-19,20800
29-Nov-19,20800
29-Nov-19,20750
30-Nov-19,20850
2-Dec-19,20800
3-Dec-19,20900
4-Dec-19,21100
5-Dec-19,21100
6-Dec-19,21100
7-Dec-19,20950
9-Dec-19,20900
10-Dec-19,20950
11-Dec-19,20950
12-Dec-19,20950
13-Dec-19,20950
14-Dec-19,21000
16-Dec-19,21050
17-Dec-19,21100
18-Dec-19,21050
25-Dec-19,21050
20-Dec-19,21050
21-Dec-19,21050
23-Dec-19,21100
24-Dec-19,21200
25-Dec-19,21300
26-Dec-19,21350
27-Dec-19,21450
28-Dec-19,21450
30-Dec-19,21400
31-Dec-19,21450
1-Jan-20,21450
2-Jan-20,21700
3-Jan-20,22050
4-Jan-20,22150
6-Jan-20,22500
7-Jan-20,22400
8-Jan-20,22750
9-Jan-20,22200
10-Jan-20,22200
11-Jan-20,22350
13-Jan-20,22200
14-Jan-20,22150
15-Jan-20,22250
16-Jan-20,22350
17-Jan-20,22400
18-Jan-20,22400
20-Jan-20,22450
21-Jan-20,22400
22-Jan-20,22400
23-Jan-20,22450
24-Jan-20,22600
25-Jan-20,22700
27-Jan-20,22950
28-Jan-20,23050
29-Jan-20,23000
30-Jan-20,23250
31-Jan-20,23250
1-Feb-20,23400
3-Feb-20,23200
4-Feb-20,23000
5-Feb-20,22750
6-Feb-20,22950
7-Feb-20,23200
8-Feb-20,23250
10-Feb-20,23300
11-Feb-20,23200
12-Feb-20,23100
13-Feb-20,23200
14-Feb-20,23250
15-Feb-20,23350
17-Feb-20,23350
18-Feb-20,23450
19-Feb-20,23700
20-Feb-20,23900
21-Feb-20,24450
22-Feb-20,24500
24-Feb-20,25250
25-Feb-20,24800
26-Feb-20,24850
27-Feb-20,24750
28-Feb-20,24350
2-Mar-20,23900
3-Mar-20,23850
4-Mar-20,24300
5-Mar-20,24550
6-Mar-20,25000
7-Mar-20,24900
9-Mar-20,24900
10-Mar-20,24700
11-Mar-20,24700
12-Mar-20,24500
13-Mar-20,23850
14-Mar-20,23200
16-Mar-20,23200
17-Mar-20,22600
18-Mar-20,23200
19-Mar-20,22850
20-Mar-20,23200
21-Mar-20,23200
23-Mar-20,23300
24-Mar-20,24500
25-Mar-20,24500
26-Mar-20,24550
27-Mar-20,24800
28-Mar-20,24950
30-Mar-20,24900
31-Mar-20,24950
1-Apr-20,24900
2-Apr-20,24850
3-Apr-20,25050
4-Apr-20,25200
6-Apr-20,25300
7-Apr-20,25300
8-Apr-20,25400
9-Apr-20,25450
10-Apr-20,25650
11-Apr-20,25650
13-Apr-20,25700
14-Apr-20,26100
15-Apr-20,26000
16-Apr-20,26200
17-Apr-20,25950
18-Apr-20,25850
20-Apr-20,25800
21-Apr-20,25850
22-Apr-20,26000
23-Apr-20,26300
24-Apr-20,26350
25-Apr-20,26350
27-Apr-20,26250
28-Apr-20,26150
29-Apr-20,26100
30-Apr-20,26200
1-May-20,26600
2-May-20,26600
4-May-20,26600
5-May-20,26600
6-May-20,26600
7-May-20,26600
8-May-20,26600
9-May-20,26600
11-May-20,26600
12-May-20,26600
13-May-20,26600
14-May-20,26600
15-May-20,26600
16-May-20,26600
18-May-20,26600
19-May-20,26250
20-May-20,26350
21-May-20,26150
22-May-20,26200
23-May-20,26250
25-May-20,26200
26-May-20,26050
27-May-20,25800
28-May-20,26000
29-May-20,26000
30-May-20,26050
1-Jun-20,26050
2-Jun-20,26000
3-Jun-20,25750
4-Jun-20,25550
5-Jun-20,25500
6-Jun-20,25200
8-Jun-20,25250
9-Jun-20,25350
10-Jun-20,25400
11-Jun-20,25400
12-Jun-20,25450
13-Jun-20,25400
15-Jun-20,25300
16-Jun-20,25450
17-Jun-20,25400
18-Jun-20,25450
19-Jun-20,25400
20-Jun-20,25550
22-Jun-20,25650
23-Jun-20,25750
24-Jun-20,25900
25-Jun-20,25800
26-Jun-20,25800
27-Jun-20,25900
29-Jun-20,25900
30-Jun-20,25900
1-Jul-20,26150
2-Jul-20,26050
3-Jul-20,26150
4-Jul-20,26150
6-Jul-20,26150
7-Jul-20,26250
8-Jul-20,26550
9-Jul-20,26700
10-Jul-20,26700
11-Jul-20,26650
13-Jul-20,26800
14-Jul-20,26900
15-Jul-20,27000
16-Jul-20,27050
17-Jul-20,27050
18-Jul-20,27100
20-Jul-20,27200
21-Jul-20,27300
22-Jul-20,27700
23-Jul-20,28150
24-Jul-20,28350
25-Jul-20,28400
27-Jul-20,28850
28-Jul-20,28800
29-Jul-20,29050
30-Jul-20,29000
31-Jul-20,29050
1-Aug-20,29100
3-Aug-20,29100
4-Aug-20,29050
5-Aug-20,29700
6-Aug-20,30050
7-Aug-20,30300
8-Aug-20,30000
10-Aug-20,29900
11-Aug-20,29250
12-Aug-20,28400
13-Aug-20,28350
14-Aug-20,28650
15-Aug-20,28600
17-Aug-20,28750
18-Aug-20,29500
19-Aug-20,29350
20-Aug-20,28750
21-Aug-20,28900
22-Aug-20,28950
24-Aug-20,28950
25-Aug-20,28700
26-Aug-20,28500
27-Aug-20,28700
28-Aug-20,28850
29-Aug-20,28850
31-Aug-20,28850
1-Sep-20,29150
2-Sep-20,29100
3-Sep-20,28750
4-Sep-20,28800
5-Sep-20,28700
7-Sep-20,28650
8-Sep-20,28600
9-Sep-20,28650
10-Sep-20,28850
11-Sep-20,28850
12-Sep-20,28700
14-Sep-20,28850
15-Sep-20,29000
16-Sep-20,28950
17-Sep-20,28700
18-Sep-20,28750
19-Sep-20,28650
21-Sep-20,28600
22-Sep-20,28300
23-Sep-20,28150
24-Sep-20,27750
25-Sep-20,27950
26-Sep-20,27850
28-Sep-20,27850
29-Sep-20,28200
30-Sep-20,28250
1-Oct-20,28350
2-Oct-20,28550
3-Oct-20,28450
5-Oct-20,28300
6-Oct-20,28250
7-Oct-20,27950
8-Oct-20,27900
9-Oct-20,28150
10-Oct-20,28300
12-Oct-20,28350
13-Oct-20,28350
14-Oct-20,28000
15-Oct-20,28000
16-Oct-20,28150
17-Oct-20,28050
19-Oct-20,28200
20-Oct-20,28200
21-Oct-20,28350
22-Oct-20,28350
23-Oct-20,28250
24-Oct-20,28200
26-Oct-20,28150
27-Oct-20,28150
28-Oct-20,28100
29-Oct-20,27800
30-Oct-20,27650
31-Oct-20,27750
2-Nov-20,27850
3-Nov-20,27900
4-Nov-20,27900
5-Nov-20,28100
6-Nov-20,28200
7-Nov-20,28250
9-Nov-20,28300
10-Nov-20,27150
11-Nov-20,26950
12-Nov-20,26850
13-Nov-20,26850
14-Nov-20,26950
16-Nov-20,27050
18-Nov-20,27000
19-Nov-20,26800
20-Nov-20,26800
21-Nov-20,26850
23-Nov-20,26850
24-Nov-20,26300
25-Nov-20,26050
26-Nov-20,26050
27-Nov-20,25950
28-Nov-20,25700
30-Nov-20,25500
1-Dec-20,25700
2-Dec-20,26150
3-Dec-20,26250
4-Dec-20,26300
5-Dec-20,26300
7-Dec-20,26250
8-Dec-20,26550
9-Dec-20,26500
10-Dec-20,26100
11-Dec-20,26150
12-Dec-20,26250
14-Dec-20,26050
15-Dec-20,26250
16-Dec-20,26450
17-Dec-20,26500
18-Dec-20,26550
19-Dec-20,26600
21-Dec-20,26700
22-Dec-20,26800
23-Dec-20,26750
24-Dec-20,26750
25-Dec-20,26750
26-Dec-20,26750
28-Dec-20,26900
30-Dec-20,26700
31-Dec-20,26850
1-Jan-21,26200
2-Jan-21,26250
4-Jan-21,26200
5-Jan-21,26250
6-Jan-21,26350
7-Jan-21,26450
8-Jan-21,26350
9-Jan-21,26200
11-Jan-21,26250
12-Jan-21,26250
13-Jan-21,26400
14-Jan-21,26500
15-Jan-21,26350
16-Jan-21,26250
18-Jan-21,26200
19-Jan-21,26150
20-Jan-21,27000
21-Jan-21,27250
22-Jan-21,27200
23-Jan-21,27650
25-Jan-21,27600
26-Jan-21,27600
27-Jan-21,27450
28-Jan-21,27250
29-Jan-21,27250
30-Jan-21,26950
1-Feb-21,25100
2-Feb-21,25350
3-Feb-21,25600
4-Feb-21,25750
5-Feb-21,25400
6-Feb-21,25400
8-Feb-21,25350
9-Feb-21,25400
10-Feb-21,25800
11-Feb-21,25800
12-Feb-21,25800
13-Feb-21,26050
15-Feb-21,26100
16-Feb-21,26050
17-Feb-21,26150
18-Feb-21,25800
19-Feb-21,25750
20-Feb-21,25700
22-Feb-21,25650
23-Feb-21,25950
24-Feb-21,25900
25-Feb-21,26200
26-Feb-21,26300
27-Feb-21,26250
1-Mar-21,25000
2-Mar-21,25050
3-Mar-21,25600
4-Mar-21,25550
5-Mar-21,25450
6-Mar-21,25400
8-Mar-21,25400
9-Mar-21,25450
10-Mar-21,25300
11-Mar-21,25250
12-Mar-21,25250
13-Mar-21,25100
15-Mar-21,25150
16-Mar-21,24900
17-Mar-21,25100
18-Mar-21,24800
19-Mar-21,24800
20-Mar-21,24800
22-Mar-21,24650
23-Mar-21,24450
24-Mar-21,24650
25-Mar-21,24650
26-Mar-21,24750
27-Mar-21,24700
29-Mar-21,24850
30-Mar-21,24800
31-Mar-21,24600
1-Apr-21,26100
2-Apr-21,26300
3-Apr-21,26350
5-Apr-21,26400
6-Apr-21,26250
7-Apr-21,26450
8-Apr-21,26450
9-Apr-21,26600
10-Apr-21,26400
12-Apr-21,26450
13-Apr-21,26150
14-Apr-21,26150
15-Apr-21,26300
16-Apr-21,26200
17-Apr-21,26050
19-Apr-21,25800
20-Apr-21,26000
21-Apr-21,26000
22-Apr-21,25950
23-Apr-21,26100
24-Apr-21,25850
26-Apr-21,25800
27-Apr-21,25750
28-Apr-21,25700
29-Apr-21,25650
30-Apr-21,25450
1-May-21,28150
3-May-21,28200
4-May-21,28000
5-May-21,28100
6-May-21,28200
7-May-21,27950
8-May-21,27850
10-May-21,27900
11-May-21,27750
12-May-21,27850
13-May-21,27750
14-May-21,27800
15-May-21,27500
17-May-21,27300
18-May-21,27150
19-May-21,26950
20-May-21,27000
21-May-21,27000
22-May-21,27000
24-May-21,27050
25-May-21,26850
26-May-21,26450
27-May-21,26250
28-May-21,26400
29-May-21,26250
31-May-21,26200
1-Jun-21,26700
2-Jun-21,26850
3-Jun-21,26950
4-Jun-21,26750
5-Jun-21,26850
7-Jun-21,26900
8-Jun-21,26800
9-Jun-21,26800
10-Jun-21,26600
11-Jun-21,26500
12-Jun-21,26400
14-Jun-21,26700
15-Jun-21,26950
16-Jun-21,27450
17-Jun-21,27500
18-Jun-21,27500
19-Jun-21,27650
21-Jun-21,27850
22-Jun-21,27950
23-Jun-21,28000
24-Jun-21,27850
25-Jun-21,27650
26-Jun-21,27900
28-Jun-21,27950
29-Jun-21,28000
30-Jun-21,28100
1-Jul-21,28300
2-Jul-21,28300
3-Jul-21,28250
5-Jul-21,28050
6-Jul-21,28000
7-Jul-21,28100
8-Jul-21,28050
9-Jul-21,28150
10-Jul-21,28050
12-Jul-21,28100
13-Jul-21,28250
14-Jul-21,28000
15-Jul-21,27900
16-Jul-21,27900
17-Jul-21,27850
19-Jul-21,27800
20-Jul-21,27800
21-Jul-21,27750
22-Jul-21,27750
23-Jul-21,27650
24-Jul-21,27500
26-Jul-21,27450
27-Jul-21,27350
28-Jul-21,27200
29-Jul-21,27150
30-Jul-21,26900
31-Jul-21,26850
2-Aug-21,27750
3-Aug-21,27950
4-Aug-21,27950
5-Aug-21,27850
6-Aug-21,27800
7-Aug-21,27850
9-Aug-21,27900
10-Aug-21,28200
11-Aug-21,28150
12-Aug-21,28200
13-Aug-21,28200
14-Aug-21,28150
16-Aug-21,28100
17-Aug-21,28300
18-Aug-21,28050
19-Aug-21,27700
20-Aug-21,27450
21-Aug-21,27450
23-Aug-21,27400
24-Aug-21,27550
25-Aug-21,27700
26-Aug-21,28450
27-Aug-21,28350
28-Aug-21,28350
30-Aug-21,28300
31-Aug-21,28300
1-Sep-21,27750
2-Sep-21,27750
3-Sep-21,27850
4-Sep-21,27850
6-Sep-21,27900
7-Sep-21,27800
8-Sep-21,27850
9-Sep-21,27800
10-Sep-21,27750
11-Sep-21,27900
13-Sep-21,27850
14-Sep-21,27950
15-Sep-21,28100
16-Sep-21,27750
17-Sep-21,27700
18-Sep-21,27650
20-Sep-21,27900
21-Sep-21,28050
22-Sep-21,28100
23-Sep-21,27900
24-Sep-21,27900
25-Sep-21,27800
27-Sep-21,27750
28-Sep-21,28000
29-Sep-21,28100
30-Sep-21,27900
1-Oct-21,28150
2-Oct-21,28250
4-Oct-21,28350
5-Oct-21,28150
6-Oct-21,28250
7-Oct-21,28300
8-Oct-21,28250
9-Oct-21,28200
11-Oct-21,28250
12-Oct-21,28100
13-Oct-21,28000
14-Oct-21,28050
15-Oct-21,28250
16-Oct-21,28150
18-Oct-21,27900
19-Oct-21,27750
20-Oct-21,27850
21-Oct-21,28150
22-Oct-21,28200
23-Oct-21,28150
25-Oct-21,28200
26-Oct-21,28100
27-Oct-21,28250
28-Oct-21,28050
29-Oct-21,28000
30-Oct-21,28000
1-Nov-21,28650
2-Nov-21,28600
3-Nov-21,28700
4-Nov-21,28700
5-Nov-21,28700
6-Nov-21,28600
8-Nov-21,28650
9-Nov-21,28350
10-Nov-21,28250
11-Nov-21,28350
12-Nov-21,28700
13-Nov-21,28850
15-Nov-21,28800
16-Nov-21,28800
17-Nov-21,28800
18-Nov-21,28850
19-Nov-21,28750
20-Nov-21,28850
22-Nov-21,28800
23-Nov-21,28900
24-Nov-21,28350
25-Nov-21,28300
26-Nov-21,28400
27-Nov-21,28150
29-Nov-21,28100
30-Nov-21,28250
1-Dec-21,28650
2-Dec-21,28750
3-Dec-21,28700
4-Dec-21,28700
6-Dec-21,28600
7-Dec-21,28600
8-Dec-21,28600
9-Dec-21,28500
10-Dec-21,28300
11-Dec-21,28100
13-Dec-21,28250
14-Dec-21,28300
15-Dec-21,28400
16-Dec-21,28300
17-Dec-21,28300
18-Dec-21,28400
20-Dec-21,28450
21-Dec-21,28600
22-Dec-21,28600
23-Dec-21,28550
24-Dec-21,28500
25-Dec-21,28450
27-Dec-21,28500
28-Dec-21,28500
29-Dec-21,28500
30-Dec-21,28500
31-Dec-21,28400
1-Jan-22,28750
3-Jan-22,28700
4-Jan-22,28500
5-Jan-22,28600
6-Jan-22,28550
7-Jan-22,28500
8-Jan-22,28600
10-Jan-22,28650
11-Jan-22,28650
12-Jan-22,28700
13-Jan-22,28700
14-Jan-22,28700
15-Jan-22,28600
17-Jan-22,28550
18-Jan-22,28450
19-Jan-22,28450
20-Jan-22,28650
21-Jan-22,28650
22-Jan-22,28650
24-Jan-22,28750
25-Jan-22,28800
26-Jan-22,28850
27-Jan-22,28550
28-Jan-22,28400
29-Jan-22,28450
31-Jan-22,28300
1-Feb-22,28400
2-Feb-22,28350
3-Feb-22,28350
4-Feb-22,28300
5-Feb-22,28300
7-Feb-22,28350
8-Feb-22,28400
9-Feb-22,28350
10-Feb-22,28350
11-Feb-22,28300
12-Feb-22,28700
14-Feb-22,28550
15-Feb-22,28500
16-Feb-22,28450
17-Feb-22,28750
18-Feb-22,28800
19-Feb-22,28850
21-Feb-22,28850
22-Feb-22,29150
23-Feb-22,28900
24-Feb-22,30000
25-Feb-22,29500
26-Feb-22,29150
28-Feb-22,29350
1-Mar-22,29550
2-Mar-22,29850
3-Mar-22,29750
4-Mar-22,30000
5-Mar-22,30250
7-Mar-22,30900
8-Mar-22,31100
9-Mar-22,31400
10-Mar-22,31100
11-Mar-22,31250
12-Mar-22,31250
14-Mar-22,31050
15-Mar-22,30650
16-Mar-22,30350
17-Mar-22,30500
18-Mar-22,30450
19-Mar-22,30350
21-Mar-22,30500
22-Mar-22,30550
23-Mar-22,30650
24-Mar-22,30850
25-Mar-22,31050
26-Mar-22,31050
28-Mar-22,30850
29-Mar-22,30550
30-Mar-22,30300
31-Mar-22,30350
1-Apr-22,30600
2-Apr-22,30500
4-Apr-22,30550
5-Apr-22,30550
6-Apr-22,30600
7-Apr-22,30550
8-Apr-22,30700
9-Apr-22,30850
11-Apr-22,31050
12-Apr-22,31050
13-Apr-22,31250
14-Apr-22,31400
15-Apr-22,31400
16-Apr-22,31450
18-Apr-22,31700
19-Apr-22,31550
20-Apr-22,31200
21-Apr-22,31200
22-Apr-22,31250
23-Apr-22,31150
25-Apr-22,30950
26-Apr-22,30850
27-Apr-22,30850
28-Apr-22,30800
29-Apr-22,31050
30-Apr-22,30850
2-May-22,30650
3-May-22,30400
4-May-22,30400
5-May-22,30600
6-May-22,30600
7-May-22,30600
9-May-22,30600
10-May-22,30450
11-May-22,30400
12-May-22,30450
13-May-22,30050
14-May-22,29900
16-May-22,29800
17-May-22,29900
18-May-22,29800
19-May-22,29900
20-May-22,30000
21-May-22,30100
23-May-22,30150
24-May-22,30000
25-May-22,30100
26-May-22,29950
27-May-22,30050
28-May-22,30000
30-May-22,30000
31-May-22,30000
1-Jun-22,29800
2-Jun-22,30150
3-Jun-22,30200
4-Jun-22,30150
6-Jun-22,30150
7-Jun-22,30100
8-Jun-22,30200
9-Jun-22,30200
10-Jun-22,30300
11-Jun-22,30700
13-Jun-22,30600
14-Jun-22,30250
15-Jun-22,30250
16-Jun-22,30350
17-Jun-22,30800
18-Jun-22,30700
20-Jun-22,30750
21-Jun-22,30650
22-Jun-22,30700
23-Jun-22,30750
24-Jun-22,30700
25-Jun-22,30700
27-Jun-22,30750
28-Jun-22,30400
29-Jun-22,30300
30-Jun-22,30350
1-Jul-22,30300
4-Jul-22,30500
5-Jul-22,30550
6-Jul-22,30250
7-Jul-22,29950
8-Jul-22,29800
9-Jul-22,29800
11-Jul-22,29800
12-Jul-22,29900
13-Jul-22,29700
14-Jul-22,29700
16-Jul-22,29700
18-Jul-22,29850
19-Jul-22,29750
20-Jul-22,29750
21-Jul-22,29550
22-Jul-22,29900
23-Jul-22,29950
25-Jul-22,30050
26-Jul-22,29950
27-Jul-22,30000
28-Jul-22,30150
29-Jul-22,30200
30-Jul-22,30300
1-Aug-22,30200
2-Aug-22,30350
3-Aug-22,30300
4-Aug-22,30350
5-Aug-22,30150
6-Aug-22,30100
8-Aug-22,30100
9-Aug-22,30050
10-Aug-22,30200
11-Aug-22,29900
12-Aug-22,29950
13-Aug-22,30100
15-Aug-22,29950
16-Aug-22,29850
17-Aug-22,29850
18-Aug-22,29850
19-Aug-22,29700
20-Aug-22,29700
22-Aug-22,29700
23-Aug-22,29800
24-Aug-22,29900
25-Aug-22,29900
26-Aug-22,29850
27-Aug-22,29850
29-Aug-22,29750
30-Aug-22,29900
31-Aug-22,29700
1-Sep-22,29700
2-Sep-22,29650
3-Sep-22,29750
5-Sep-22,29700
6-Sep-22,29650
7-Sep-22,29650
8-Sep-22,29650
9-Sep-22,29700
10-Sep-22,29650
12-Sep-22,29700
13-Sep-22,29650
14-Sep-22,29600
15-Sep-22,29450
16-Sep-22,29200
17-Sep-22,29350
19-Sep-22,29200
20-Sep-22,29250
21-Sep-22,29400
22-Sep-22,29500
23-Sep-22,29450
24-Sep-22,29400
26-Sep-22,29450
27-Sep-22,29400
28-Sep-22,29400
29-Sep-22,29700
30-Sep-22,29800
